id,group,sex,rt_ms
M01,placebo,F,369
M02,placebo,M,312
M03,placebo,F,348
M04,placebo,M,282
M05,placebo,F,245
M06,placebo,M,331
M07,placebo,F,257
M08,placebo,M,291
M09,placebo,F,322
M10,placebo,M,331
M11,placebo,F,337
M12,placebo,M,406
M13,placebo,F,269
M14,placebo,M,341
M15,placebo,F,389
M16,placebo,M,293
M17,placebo,F,309
M18,placebo,M,318
M19,placebo,F,329
M20,placebo,M,382
M21,drug,F,289
M22,drug,M,284
M23,drug,F,308
M24,drug,M,334
M25,drug,F,329
M26,drug,M,303
M27,drug,F,294
M28,drug,M,236
M29,drug,F,277
M30,drug,M,256
M31,drug,F,324
M32,drug,M,239
M33,drug,F,254
M34,drug,M,273
M35,drug,F,289
M36,drug,M,335
M37,drug,F,311
M38,drug,M,265
M39,drug,F,280
M40,drug,M,291
